,Title,Price
0,تستر اورجینال ادکلن دیور ساواج (ساوج) الکسیر | Dior Sauvage Elixir Tester,7380000
1,تستر اورجینال ادکلن دیور ساواج ادو پرفیوم | Dior Sauvage Eau de Parfum,6640000
2,تستر اورجینال ادکلن دیور ساواج پارفوم | Dior Sauvage Parfum,7380000
3,تستر اورجینال ادکلن دیور ساواج-ساوج ادوتویلت | Dior Sauvage,5865000
4,تستر اورجینال ادکلن دیور هوم | Dior Homme EDT,5865000
5,تستر اورجینال ادکلن دیور هوم اسپرت | Dior Homme Sport,5615000
6,تستر اورجینال ادکلن دیور هوم اینتنس | Dior Homme Intense,5410000
7,تستر اورجینال ادکلن دیور هوم کلون | Dior Homme Cologne,7585000
8,تستر عطر ادکلن دیور پیور پویزن | Dior Pure Poison,7095000
9,تستر عطر ادکلن دیور هایر انرژی | Dior Higher Energy,7665000
10,تستر عطر دیور هیپنوتیک پویزن | Dior Hypnotic Poison EDT Tester,5330000
11,عطر ادکلن جادور -عطر ادکلن دیور جادور | Dior J’adore 150 ml,10375000
12,عطر ادکلن جادور پارفوم د او | Dior J’adore Parfum d’Eau,موجود نیست
13,عطر ادکلن جادور-دیور جادور(ژادور) | Dior J’adore,8215000
14,عطر ادکلن دیور آکوا فارنهایت | Dior Aqua Fahrenheit,9555000
15,عطر ادکلن دیور ادو دلچه ویتا | Dior Eau de Dolce Vita,موجود نیست
16,عطر ادکلن دیور ادیکت | Dior Addict EDP,8800000
17,عطر ادکلن دیور ادیکت ۲ | Dior Addict 2,4960000
18,عطر ادکلن دیور ادیکت ۲ او فرِش | Dior Addict 2 Eau Fraiche,7790000
19,عطر ادکلن دیور ادیکت ادو تویلت | Dior Addict Eau de Toilette,6685000
20,عطر ادکلن دیور ادیکت او دلیس | Dior Addict Eau Delice,موجود نیست
21,عطر ادکلن دیور ادیکت او سنشوال | Dior Addict Eau Sensuelle,موجود نیست
22,عطر ادکلن دیور ادیکت او فرش | Dior Addict Eau Fraiche,8800000
23,عطر ادکلن دیور ادیکت تو لایف | Dior Addict To Life,موجود نیست
24,عطر ادکلن دیور ادیکت شاین | Dior Addict Shine,9420000
25,عطر ادکلن دیور اسپایس بلند | Dior Spice Blend,موجود نیست
26,عطر ادکلن دیور استار | Dior Star,موجود نیست
27,عطر ادکلن دیور اسکیل پرتوفینو | Dior Escale a Portofino,موجود نیست
28,عطر ادکلن دیور امبر الکسیر پریسیو | Dior Ambre Elixir Precieux,موجود نیست
29,عطر ادکلن دیور او ساواج ادو تویلت | Dior Eau Sauvage,6110000
30,عطر ادکلن دیور او ساواج اکستریم | Dior Eau Sauvage Extreme,موجود نیست
31,عطر ادکلن دیور او ساواج پرفیوم | Dior Eau Sauvage Parfum,13815000
32,عطر ادکلن دیور او ساواج پرفیوم | Dior Eau Sauvage Parfum 200 ml,موجود نیست
33,عطر ادکلن دیور او ساواج پرفیوم ۲۰۱۷ | Dior Eau Sauvage Parfum 2017,7050000
34,عطر ادکلن دیور او ساواج فرشر کویر | Dior Eau Sauvage Fraicheur Cuir,موجود نیست
35,عطر ادکلن دیور او ساواج کلون | Dior Eau Sauvage Cologne,موجود نیست
36,عطر ادکلن دیور پچولی الکسیر پریسیو | Dior patchouli elixir precieux,1200000
37,عطر ادکلن دیور پچولی ایمپریال | Dior Patchouli Imperial,موجود نیست
38,عطر ادکلن دیور پرپل عود | Dior Purple Oud,موجود نیست
39,عطر ادکلن دیور پویزن | Dior Poison,6435000
40,عطر ادکلن دیور پویزن اکستریت د پرفیوم | Dior Poison Extrait de Parfum,موجود نیست
41,عطر ادکلن دیور پویزن تندر | Dior Poison Tendre,موجود نیست
42,عطر ادکلن دیور پویزن گرل | Dior Poison Girl,9225000
43,عطر ادکلن دیور پویزن گرل ادو تویلت | Dior Poison Girl Eau De Toilette,9145000
44,عطر ادکلن دیور پیور پویزن (سری قدیم) | Dior Pure Poison,موجود نیست
45,عطر ادکلن دیور پیور پویزن | Dior Pure Poison,7215000
46,عطر ادکلن دیور پیور پویزن الکسیر | Dior Pure Poison Elixir,موجود نیست
47,عطر ادکلن دیور ترا بلا | Dior Terra Bella,موجود نیست
48,عطر ادکلن دیور توباکالر | Dior Tobacolor,موجود نیست
49,عطر ادکلن دیور جادور ابسولو | Dior J’adore L’absolu,موجود نیست
50,عطر ادکلن دیور جادور ادو تویلت | Dior J’adore Eau de Toilette,6020000
51,عطر ادکلن دیور جادور ادوتویلت | Dior J`adore EDT,موجود نیست
52,عطر ادکلن دیور جادور این جوی | Dior J`Adore In Joy,6100000
53,عطر ادکلن دیور جادور اینفینیسیم | Dior J’Adore Infinissime,موجود نیست
54,عطر ادکلن دیور جادور تاچ د پرفیوم | Dior J’adore Touche de Parfum,موجود نیست
55,عطر ادکلن دیور جادور رولر پرل | Dior J’Adore Roller Pearl,موجود نیست
56,عطر ادکلن دیور جادور لور ۲۰۱۷ | Dior J`Adore L`Or 2017,موجود نیست
57,عطر ادکلن دیور جادور لومیر | Dior J’adore Lumiere,موجود نیست
58,عطر ادکلن دیور جادور وویل | Dior J`Adore Voile,6640000
59,عطر ادکلن دیور جاسمین الکسیر پریسیو | Dior Jasmin Elixir Precieux,12000000
60,عطر ادکلن دیور جاسمین دس آنجز | Dior Jasmin Des Anges,موجود نیست
61,عطر ادکلن دیور جولس ۲۰۱۶ | Dior Jules 2016,موجود نیست
62,عطر ادکلن دیور جوی بای دیور | Dior Joy by Dior,6890000
63,عطر ادکلن دیور جوی بای دیور اینتنس | Dior Joy by Dior Intense,موجود نیست
64,عطر ادکلن دیور چوال بلانک پاریس | Dior Cheval Blanc Paris,موجود نیست
65,عطر ادکلن دیور د کشمایر | Dior The Cachemire,موجود نیست
66,عطر ادکلن دیور دان زنانه | Dior Dune for Women,7340000
67,عطر ادکلن دیور دان مردانه | Dior Dune Pour Homme,5660000
68,عطر ادکلن دیور دلچه ویتا | Dior Dolce Vita,6805000
69,عطر ادکلن دیور دیوراسنس | Dior Dioressence,موجود نیست
70,عطر ادکلن دیور دیوریسیمو | Dior Diorissimo EDT,7055000
71,عطر ادکلن دیور رز الکسیر پریسیو | Dior Rose Elixir Precieux,موجود نیست
72,عطر ادکلن دیور رز جیپسی | Dior Rose Gipsy,موجود نیست
73,عطر ادکلن دیور رز کابوکی | Dior Rose Kabuki,موجود نیست
74,عطر ادکلن دیور رژ ترافالگار | Dior Rouge Trafalgar,موجود نیست
75,عطر ادکلن دیور ساکورا | Dior Sakura,موجود نیست
76,عطر ادکلن دیور ساواج (ساوج) الکسیر | Dior Sauvage Elixir,7680000
77,عطر ادکلن دیور ساواج (ساوج) الکسیر | Dior Sauvage Elixir 100ml,11205000
78,عطر ادکلن دیور ساواج ادو پرفیوم | Dior Sauvage Eau de Parfum,6890000
79,عطر ادکلن دیور ساواج ادو پرفیوم | Dior Sauvage Eau de Parfum 200ml,9840000
80,عطر ادکلن دیور ساواج ادو پرفیوم | Dior Sauvage Eau de Parfum 60ml,موجود نیست
81,عطر ادکلن دیور ساواج ادوپرفیوم ۱۰+۱۰۰ میل کادویی | Dior Sauvage EDP 110ml,7995000
82,عطر ادکلن دیور ساواج ادوتویلت ۱۰+۱۰۰ میل کادویی | Dior Sauvage EDT 110ml,موجود نیست
83,عطر ادکلن دیور ساواج پارفوم | Dior Sauvage Parfum,7680000
84,عطر ادکلن دیور ساواج پارفوم | Dior Sauvage Parfum 200ml,11850000
85,عطر ادکلن دیور ساواج وری کول اسپری | Dior Sauvage Very Cool Spray,5780000
86,عطر ادکلن دیور ساواج-ساوج-ساواژ | Dior Sauvage,6140000
87,عطر ادکلن دیور ساواج-ساوج-ساواژ | Dior Sauvage 200 ml,9005000
88,عطر ادکلن دیور سوفله دی سوی | Dior Souffle De Soie,موجود نیست
89,عطر ادکلن دیور عود اسپهان | Dior Oud Ispahan,17430000
90,عطر ادکلن دیور عود اسپهان | Dior Oud Ispahan 250ml,24600000
91,عطر ادکلن دیور عود الکسیر پریسیو | Dior Oud Elixir Precieux,موجود نیست
92,عطر ادکلن دیور عود الکسیر پریشو | Dior Oud Elixir Precieux,موجود نیست
93,عطر ادکلن دیور عود رزوود | Dior Oud Rosewood,موجود نیست
94,عطر ادکلن دیور فارنهایت | Dior Fahrenheit,5645000
95,عطر ادکلن دیور فارنهایت | Dior Fahrenheit 200 ml,8925000
96,عطر ادکلن دیور فارنهایت ۳۲ | Dior Fahrenheit 32,10000000
97,عطر ادکلن دیور فارنهایت ابسولوت | Dior Fahrenheit Absolute,6890000
98,عطر ادکلن دیور فارنهایت کولون | Dior Fahrenheit Cologne,5725000
99,عطر ادکلن دیور فارنهایت له پرفیوم | Dior Fahrenheit Le Parfum,6765000
100,عطر ادکلن دیور فور اور اند اور | Dior Forever and Ever,7970000
101,عطر ادکلن دیور فیو دلیشز (فو دلیسیوز) | Dior Fève Délicieuse,موجود نیست
102,عطر ادکلن دیور کلون رویال | Dior Cologne Royale,موجود نیست
103,عطر ادکلن دیور گرند بال (۲۰۱۸) | Dior Grand Bal (2018),موجود نیست
104,عطر ادکلن دیور گریس | Dior Gris,18985000
105,عطر ادکلن دیور لا کول نویر (۲۰۱۸) | Dior La Colle Noire (2018),موجود نیست
106,عطر ادکلن دیور لاکی | Dior Lucky,موجود نیست
107,عطر ادکلن دیور لدر عود | Dior Leather Oud,موجود نیست
108,عطر ادکلن دیور له الکسیر هیپنوتیک پویزن | Dior L`Elixir Hypnotic Poison,موجود نیست
109,عطر ادکلن دیور ماسک الکسیر پریسیو | Dior Musc Elixir Precieux,موجود نیست
110,عطر ادکلن دیور مایلی لا فورت | Dior Milly-la-Foret,موجود نیست
111,عطر ادکلن دیور میدنایت پویزن | Dior Midnight Poison,موجود نیست
112,عطر ادکلن دیور میدنایت پویزن | Dior Midnight Poison 50 ml,موجود نیست
113,عطر ادکلن دیور میدنایت پویزن اکستریت د پرفیوم | Dior Midnight Poison Extrait de Parfum,موجود نیست
114,عطر ادکلن دیور میس دیور (۲۰۱۲) | Dior Miss Dior 2012,5125000
115,عطر ادکلن دیور میس دیور | Dior Miss Dior,موجود نیست
116,عطر ادکلن دیور میس دیور ابسولوتلی بلومینگ | Dior Miss Dior Absolutely Blooming,8895000
117,عطر ادکلن دیور میس دیور ادو پرفیوم ۲۰۱۷ | Dior Miss Dior Eau de Parfum 2017,موجود نیست
118,عطر ادکلن دیور میس دیور ادو تویلت ۲۰۱۹ | Dior Miss Dior EDT 2019,7215000
119,عطر ادکلن دیور میس دیور اکستریت د پرفیوم | Dior Miss Dior Extrait de Parfum,موجود نیست
